sample_id,time_sec,bin,mp_face_detected
-3g5yACwYnA__13,0.25,2,1
-3g5yACwYnA__13,0.75,6,1
-3g5yACwYnA__13,1.25,11,1
-3g5yACwYnA__13,1.75,15,1
-3g5yACwYnA__13,2.25,20,1
-3g5yACwYnA__13,2.75,24,1
-3g5yACwYnA__13,3.25,29,1
-3g5yACwYnA__13,3.75,34,1
-3g5yACwYnA__13,4.25,38,1
-3g5yACwYnA__13,4.75,43,1
-3g5yACwYnA__13,5.25,47,1
-3g5yACwYnA__3,0.25,0,1
-3g5yACwYnA__3,0.75,2,1
-3g5yACwYnA__3,1.25,4,1
-3g5yACwYnA__3,1.75,6,1
-3g5yACwYnA__3,2.25,7,1
-3g5yACwYnA__3,2.75,9,1
-3g5yACwYnA__3,3.25,11,1
-3g5yACwYnA__3,3.75,13,1
-3g5yACwYnA__3,4.25,14,1
-3g5yACwYnA__3,4.75,16,1
-3g5yACwYnA__3,5.25,18,1
-3g5yACwYnA__3,5.75,19,1
-3g5yACwYnA__3,6.25,21,1
-3g5yACwYnA__3,6.75,23,1
-3g5yACwYnA__3,7.25,25,1
-3g5yACwYnA__3,7.75,26,1
-3g5yACwYnA__3,8.25,28,1
-3g5yACwYnA__3,8.75,30,1
-3g5yACwYnA__3,9.25,32,1
-3g5yACwYnA__3,9.75,33,1
-3g5yACwYnA__3,10.25,35,1
-3g5yACwYnA__3,10.75,37,1
-3g5yACwYnA__3,11.25,39,1
-3g5yACwYnA__3,11.75,40,1
-3g5yACwYnA__3,12.25,42,1
-3g5yACwYnA__3,12.75,44,1
-3g5yACwYnA__3,13.25,46,1
-3g5yACwYnA__3,13.75,47,1
-3g5yACwYnA__3,14.25,49,1
-3g5yACwYnA__2,0.25,1,1
-3g5yACwYnA__2,0.75,3,1
-3g5yACwYnA__2,1.25,6,1
-3g5yACwYnA__2,1.75,9,1
-3g5yACwYnA__2,2.25,11,1
-3g5yACwYnA__2,2.75,14,1
-3g5yACwYnA__2,3.25,17,1
-3g5yACwYnA__2,3.75,19,1
-3g5yACwYnA__2,4.25,22,1
-3g5yACwYnA__2,4.75,25,1
-3g5yACwYnA__2,5.25,27,1
-3g5yACwYnA__2,5.75,30,1
-3g5yACwYnA__2,6.25,33,1
-3g5yACwYnA__2,6.75,35,1
-3g5yACwYnA__2,7.25,38,1
-3g5yACwYnA__2,7.75,41,1
-3g5yACwYnA__2,8.25,43,1
-3g5yACwYnA__2,8.75,46,1
-3g5yACwYnA__2,9.25,49,1
-3g5yACwYnA__9,0.25,1,1
-3g5yACwYnA__9,0.75,4,1
-3g5yACwYnA__9,1.25,7,1
-3g5yACwYnA__9,1.75,9,1
-3g5yACwYnA__9,2.25,12,1
-3g5yACwYnA__9,2.75,15,1
-3g5yACwYnA__9,3.25,18,1
-3g5yACwYnA__9,3.75,21,1
-3g5yACwYnA__9,4.25,24,1
-3g5yACwYnA__9,4.75,26,1
-3g5yACwYnA__9,5.25,29,1
-3g5yACwYnA__9,5.75,32,1
-3g5yACwYnA__9,6.25,35,1
-3g5yACwYnA__9,6.75,38,1
-3g5yACwYnA__9,7.25,41,1
-3g5yACwYnA__9,7.75,43,1
-3g5yACwYnA__9,8.25,46,1
-3g5yACwYnA__9,8.75,49,1
-3nNcZdcdvU__5,0.25,1,1
-3nNcZdcdvU__5,0.75,4,1
-3nNcZdcdvU__5,1.25,7,1
-3nNcZdcdvU__5,1.75,11,1
-3nNcZdcdvU__5,2.25,14,1
-3nNcZdcdvU__5,2.75,17,1
-3nNcZdcdvU__5,3.25,20,1
-3nNcZdcdvU__5,3.75,23,1
-3nNcZdcdvU__5,4.25,27,1
-3nNcZdcdvU__5,4.75,30,1
-3nNcZdcdvU__5,5.25,33,1
-3nNcZdcdvU__5,5.75,36,1
-3nNcZdcdvU__5,6.25,39,1
-3nNcZdcdvU__5,6.75,42,1
-3nNcZdcdvU__5,7.25,46,1
-3nNcZdcdvU__5,7.75,49,1
-HwX2H8Z4hY__2,0.25,3,0
-HwX2H8Z4hY__2,0.75,9,0
-HwX2H8Z4hY__2,1.25,15,0
-HwX2H8Z4hY__2,1.75,21,0
-HwX2H8Z4hY__2,2.25,28,0
-HwX2H8Z4hY__2,2.75,34,0
-HwX2H8Z4hY__2,3.25,40,1
-HwX2H8Z4hY__2,3.75,47,1
-HwX2H8Z4hY__5,0.25,2,1
-HwX2H8Z4hY__5,0.75,6,0
-HwX2H8Z4hY__5,1.25,11,0
-HwX2H8Z4hY__5,1.75,15,0
-HwX2H8Z4hY__5,2.25,19,0
-HwX2H8Z4hY__5,2.75,24,0
-HwX2H8Z4hY__5,3.25,28,0
-HwX2H8Z4hY__5,3.75,33,0
-HwX2H8Z4hY__5,4.25,37,0
-HwX2H8Z4hY__5,4.75,42,0
-HwX2H8Z4hY__5,5.25,46,1
-HwX2H8Z4hY__6,0.25,3,1
-HwX2H8Z4hY__6,0.75,11,1
-HwX2H8Z4hY__6,1.25,18,1
-HwX2H8Z4hY__6,1.75,26,1
-HwX2H8Z4hY__6,2.25,33,0
-HwX2H8Z4hY__6,2.75,40,0
-HwX2H8Z4hY__6,3.25,48,1
-HwX2H8Z4hY__9,0.25,1,0
-HwX2H8Z4hY__9,0.75,4,0
-HwX2H8Z4hY__9,1.25,8,0
-HwX2H8Z4hY__9,1.75,11,0
-HwX2H8Z4hY__9,2.25,14,0
-HwX2H8Z4hY__9,2.75,17,0
-HwX2H8Z4hY__9,3.25,21,0
-HwX2H8Z4hY__9,3.75,24,0
-HwX2H8Z4hY__9,4.25,27,0
-HwX2H8Z4hY__9,4.75,30,0
-HwX2H8Z4hY__9,5.25,33,0
-HwX2H8Z4hY__9,5.75,37,0
-HwX2H8Z4hY__9,6.25,40,0
-HwX2H8Z4hY__9,6.75,43,0
-HwX2H8Z4hY__9,7.25,46,0
-NFrJFQijFE__1,0.25,2,0
-NFrJFQijFE__1,0.75,6,0
-NFrJFQijFE__1,1.25,10,0
-NFrJFQijFE__1,1.75,15,0
-NFrJFQijFE__1,2.25,19,0
-NFrJFQijFE__1,2.75,23,0
-NFrJFQijFE__1,3.25,28,0
-NFrJFQijFE__1,3.75,32,0
-NFrJFQijFE__1,4.25,36,0
-NFrJFQijFE__1,4.75,41,0
-NFrJFQijFE__1,5.25,45,0
-NFrJFQijFE__2,0.25,1,0
-NFrJFQijFE__2,0.75,5,0
-NFrJFQijFE__2,1.25,9,0
-NFrJFQijFE__2,1.75,12,0
-NFrJFQijFE__2,2.25,16,0
-NFrJFQijFE__2,2.75,20,0
-NFrJFQijFE__2,3.25,23,0
-NFrJFQijFE__2,3.75,27,0
-NFrJFQijFE__2,4.25,30,0
-NFrJFQijFE__2,4.75,34,0
-NFrJFQijFE__2,5.25,38,0
-NFrJFQijFE__2,5.75,41,0
-NFrJFQijFE__2,6.25,45,0
-NFrJFQijFE__2,6.75,49,0
-THoVjtIkeU__12,0.25,0,1
-THoVjtIkeU__12,0.75,2,1
-THoVjtIkeU__12,1.25,4,1
-THoVjtIkeU__12,1.75,5,1
-THoVjtIkeU__12,2.25,7,1
-THoVjtIkeU__12,2.75,9,1
-THoVjtIkeU__12,3.25,10,1
-THoVjtIkeU__12,3.75,12,1
-THoVjtIkeU__12,4.25,14,1
-THoVjtIkeU__12,4.75,15,1
-THoVjtIkeU__12,5.25,17,1
-THoVjtIkeU__12,5.75,19,1
-THoVjtIkeU__12,6.25,20,1
-THoVjtIkeU__12,6.75,22,1
-THoVjtIkeU__12,7.25,24,1
-THoVjtIkeU__12,7.75,26,1
-THoVjtIkeU__12,8.25,27,1
-THoVjtIkeU__12,8.75,29,1
-THoVjtIkeU__12,9.25,31,1
-THoVjtIkeU__12,9.75,32,1
-THoVjtIkeU__12,10.25,34,1
-THoVjtIkeU__12,10.75,36,1
-THoVjtIkeU__12,11.25,37,1
-THoVjtIkeU__12,11.75,39,1
-THoVjtIkeU__12,12.25,41,1
-THoVjtIkeU__12,12.75,42,1
-THoVjtIkeU__12,13.25,44,1
-THoVjtIkeU__12,13.75,46,1
-THoVjtIkeU__12,14.25,47,1
-THoVjtIkeU__12,14.75,49,1
-THoVjtIkeU__2,0.25,2,1
-THoVjtIkeU__2,0.75,8,1
-THoVjtIkeU__2,1.25,14,1
-THoVjtIkeU__2,1.75,20,1
-THoVjtIkeU__2,2.25,26,1
-THoVjtIkeU__2,2.75,32,1
-THoVjtIkeU__2,3.25,37,1
-THoVjtIkeU__2,3.75,43,1
-THoVjtIkeU__2,4.25,49,1
-THoVjtIkeU__6,0.25,1,1
-THoVjtIkeU__6,0.75,4,1
-THoVjtIkeU__6,1.25,7,1
-THoVjtIkeU__6,1.75,10,1
-THoVjtIkeU__6,2.25,13,1
-THoVjtIkeU__6,2.75,16,1
-THoVjtIkeU__6,3.25,20,1
-THoVjtIkeU__6,3.75,23,1
-THoVjtIkeU__6,4.25,26,1
-THoVjtIkeU__6,4.75,29,1
-THoVjtIkeU__6,5.25,32,1
-THoVjtIkeU__6,5.75,35,1
-THoVjtIkeU__6,6.25,38,1
-THoVjtIkeU__6,6.75,41,1
-THoVjtIkeU__6,7.25,44,1
-THoVjtIkeU__6,7.75,47,1
-UuX1xuaiiE__1,0.25,1,0
-UuX1xuaiiE__1,0.75,3,0
-UuX1xuaiiE__1,1.25,6,0
-UuX1xuaiiE__1,1.75,8,0
-UuX1xuaiiE__1,2.25,10,0
-UuX1xuaiiE__1,2.75,13,0
-UuX1xuaiiE__1,3.25,15,0
-UuX1xuaiiE__1,3.75,18,0
-UuX1xuaiiE__1,4.25,20,0
-UuX1xuaiiE__1,4.75,22,0
-UuX1xuaiiE__1,5.25,25,0
-UuX1xuaiiE__1,5.75,27,0
-UuX1xuaiiE__1,6.25,30,0
-UuX1xuaiiE__1,6.75,32,0
-UuX1xuaiiE__1,7.25,35,0
-UuX1xuaiiE__1,7.75,37,0
-UuX1xuaiiE__1,8.25,39,0
-UuX1xuaiiE__1,8.75,42,0
-UuX1xuaiiE__1,9.25,44,0
-UuX1xuaiiE__1,9.75,47,0
-UuX1xuaiiE__1,10.25,49,1
-UuX1xuaiiE__0,0.25,3,1
-UuX1xuaiiE__0,0.75,10,1
-UuX1xuaiiE__0,1.25,17,1
-UuX1xuaiiE__0,1.75,24,1
-UuX1xuaiiE__0,2.25,30,0
-UuX1xuaiiE__0,2.75,37,0
-UuX1xuaiiE__0,3.25,44,0
-UuX1xuaiiE__3,0.25,3,1
-UuX1xuaiiE__3,0.75,9,1
-UuX1xuaiiE__3,1.25,15,1
-UuX1xuaiiE__3,1.75,21,1
-UuX1xuaiiE__3,2.25,27,1
-UuX1xuaiiE__3,2.75,33,1
-UuX1xuaiiE__3,3.25,39,1
-UuX1xuaiiE__3,3.75,45,1
-UuX1xuaiiE__6,0.25,1,1
-UuX1xuaiiE__6,0.75,4,1
-UuX1xuaiiE__6,1.25,7,1
-UuX1xuaiiE__6,1.75,10,1
-UuX1xuaiiE__6,2.25,13,1
-UuX1xuaiiE__6,2.75,16,1
-UuX1xuaiiE__6,3.25,20,1
-UuX1xuaiiE__6,3.75,23,1
-UuX1xuaiiE__6,4.25,26,1
-UuX1xuaiiE__6,4.75,29,1
-UuX1xuaiiE__6,5.25,32,1
-UuX1xuaiiE__6,5.75,35,1
-UuX1xuaiiE__6,6.25,38,1
-UuX1xuaiiE__6,6.75,41,1
-UuX1xuaiiE__6,7.25,44,1
-UuX1xuaiiE__6,7.75,47,1
-a55Q6RWvTA__3,0.25,0,1
-a55Q6RWvTA__3,0.75,1,0
-a55Q6RWvTA__3,1.25,2,0
-a55Q6RWvTA__3,1.75,3,1
-a55Q6RWvTA__3,2.25,5,1
-a55Q6RWvTA__3,2.75,6,1
-a55Q6RWvTA__3,3.25,7,1
-a55Q6RWvTA__3,3.75,8,1
-a55Q6RWvTA__3,4.25,9,1
-a55Q6RWvTA__3,4.75,10,1
-a55Q6RWvTA__3,5.25,11,1
-a55Q6RWvTA__3,5.75,12,1
-a55Q6RWvTA__3,6.25,14,1
-a55Q6RWvTA__3,6.75,15,1
-a55Q6RWvTA__3,7.25,16,1
-a55Q6RWvTA__3,7.75,17,1
-a55Q6RWvTA__3,8.25,18,1
-a55Q6RWvTA__3,8.75,19,1
-a55Q6RWvTA__3,9.25,20,1
-a55Q6RWvTA__3,9.75,22,0
-a55Q6RWvTA__3,10.25,23,1
-a55Q6RWvTA__3,10.75,24,1
-a55Q6RWvTA__3,11.25,25,1
-a55Q6RWvTA__3,11.75,26,1
-a55Q6RWvTA__3,12.25,27,1
-a55Q6RWvTA__3,12.75,28,0
-a55Q6RWvTA__3,13.25,29,1
-a55Q6RWvTA__3,13.75,31,1
-a55Q6RWvTA__3,14.25,32,1
-a55Q6RWvTA__3,14.75,33,1
-a55Q6RWvTA__3,15.25,34,1
-a55Q6RWvTA__3,15.75,35,0
-a55Q6RWvTA__3,16.25,36,1
-a55Q6RWvTA__3,16.75,37,1
-a55Q6RWvTA__3,17.25,38,1
-a55Q6RWvTA__3,17.75,40,1
-a55Q6RWvTA__3,18.25,41,1
-a55Q6RWvTA__3,18.75,42,1
-a55Q6RWvTA__3,19.25,43,1
-a55Q6RWvTA__3,19.75,44,1
-a55Q6RWvTA__3,20.25,45,1
-a55Q6RWvTA__3,20.75,46,1
-a55Q6RWvTA__3,21.25,47,1
-a55Q6RWvTA__3,21.75,49,1
-aNfi7CP8vM__7,0.25,1,1
-aNfi7CP8vM__7,0.75,4,1
-aNfi7CP8vM__7,1.25,7,1
-aNfi7CP8vM__7,1.75,10,1
-aNfi7CP8vM__7,2.25,12,1
-aNfi7CP8vM__7,2.75,15,1
-aNfi7CP8vM__7,3.25,18,1
-aNfi7CP8vM__7,3.75,21,1
-aNfi7CP8vM__7,4.25,24,1
-aNfi7CP8vM__7,4.75,27,1
-aNfi7CP8vM__7,5.25,30,1
-aNfi7CP8vM__7,5.75,33,1
-aNfi7CP8vM__7,6.25,35,1
-aNfi7CP8vM__7,6.75,38,1
-aNfi7CP8vM__7,7.25,41,1
-aNfi7CP8vM__7,7.75,44,1
-aNfi7CP8vM__7,8.25,47,1
-aqamKhZ1Ec__0,0.25,1,1
-aqamKhZ1Ec__0,0.75,3,1
-aqamKhZ1Ec__0,1.25,5,1
-aqamKhZ1Ec__0,1.75,7,1
-aqamKhZ1Ec__0,2.25,10,1
-aqamKhZ1Ec__0,2.75,12,1
-aqamKhZ1Ec__0,3.25,14,1
-aqamKhZ1Ec__0,3.75,17,1
-aqamKhZ1Ec__0,4.25,19,1
-aqamKhZ1Ec__0,4.75,21,1
-aqamKhZ1Ec__0,5.25,23,1
-aqamKhZ1Ec__0,5.75,26,1
-aqamKhZ1Ec__0,6.25,28,1
-aqamKhZ1Ec__0,6.75,30,1
-aqamKhZ1Ec__0,7.25,33,1
-aqamKhZ1Ec__0,7.75,35,1
-aqamKhZ1Ec__0,8.25,37,1
-aqamKhZ1Ec__0,8.75,39,1
-aqamKhZ1Ec__0,9.25,42,1
-aqamKhZ1Ec__0,9.75,44,1
-aqamKhZ1Ec__0,10.25,46,1
-aqamKhZ1Ec__0,10.75,48,1
-dxfTGcXJoc__1,0.25,0,1
-dxfTGcXJoc__1,0.75,2,1
-dxfTGcXJoc__1,1.25,3,1
-dxfTGcXJoc__1,1.75,5,1
-dxfTGcXJoc__1,2.25,6,1
-dxfTGcXJoc__1,2.75,8,1
-dxfTGcXJoc__1,3.25,10,1
-dxfTGcXJoc__1,3.75,11,1
-dxfTGcXJoc__1,4.25,13,1
-dxfTGcXJoc__1,4.75,14,1
-dxfTGcXJoc__1,5.25,16,1
-dxfTGcXJoc__1,5.75,17,1
-dxfTGcXJoc__1,6.25,19,1
-dxfTGcXJoc__1,6.75,20,1
-dxfTGcXJoc__1,7.25,22,1
-dxfTGcXJoc__1,7.75,23,1
-dxfTGcXJoc__1,8.25,25,1
-dxfTGcXJoc__1,8.75,27,1
-dxfTGcXJoc__1,9.25,28,1
-dxfTGcXJoc__1,9.75,30,1
-dxfTGcXJoc__1,10.25,31,1
-dxfTGcXJoc__1,10.75,33,1
-dxfTGcXJoc__1,11.25,34,1
-dxfTGcXJoc__1,11.75,36,1
-dxfTGcXJoc__1,12.25,37,1
-dxfTGcXJoc__1,12.75,39,1
-dxfTGcXJoc__1,13.25,40,1
-dxfTGcXJoc__1,13.75,42,1
-dxfTGcXJoc__1,14.25,44,1
-dxfTGcXJoc__1,14.75,45,1
-dxfTGcXJoc__1,15.25,47,1
-dxfTGcXJoc__1,15.75,48,1
-dxfTGcXJoc__0,0.25,0,0
-dxfTGcXJoc__0,0.75,1,0
-dxfTGcXJoc__0,1.25,3,0
-dxfTGcXJoc__0,1.75,4,0
-dxfTGcXJoc__0,2.25,5,0
-dxfTGcXJoc__0,2.75,6,0
-dxfTGcXJoc__0,3.25,7,0
-dxfTGcXJoc__0,3.75,9,0
-dxfTGcXJoc__0,4.25,10,0
-dxfTGcXJoc__0,4.75,11,1
-dxfTGcXJoc__0,5.25,12,1
-dxfTGcXJoc__0,5.75,14,1
-dxfTGcXJoc__0,6.25,15,1
-dxfTGcXJoc__0,6.75,16,1
-dxfTGcXJoc__0,7.25,17,1
-dxfTGcXJoc__0,7.75,18,1
-dxfTGcXJoc__0,8.25,20,1
-dxfTGcXJoc__0,8.75,21,1
-dxfTGcXJoc__0,9.25,22,1
-dxfTGcXJoc__0,9.75,23,1
-dxfTGcXJoc__0,10.25,24,1
-dxfTGcXJoc__0,10.75,26,1
-dxfTGcXJoc__0,11.25,27,1
-dxfTGcXJoc__0,11.75,28,1
-dxfTGcXJoc__0,12.25,29,1
-dxfTGcXJoc__0,12.75,31,1
-dxfTGcXJoc__0,13.25,32,1
-dxfTGcXJoc__0,13.75,33,1
-dxfTGcXJoc__0,14.25,34,1
-dxfTGcXJoc__0,14.75,35,1
-dxfTGcXJoc__0,15.25,37,1
-dxfTGcXJoc__0,15.75,38,1
-dxfTGcXJoc__0,16.25,39,1
-dxfTGcXJoc__0,16.75,40,1
-dxfTGcXJoc__0,17.25,42,1
-dxfTGcXJoc__0,17.75,43,1
-dxfTGcXJoc__0,18.25,44,1
-dxfTGcXJoc__0,18.75,45,1
-dxfTGcXJoc__0,19.25,46,1
-dxfTGcXJoc__0,19.75,48,1
-dxfTGcXJoc__0,20.25,49,1
-dxfTGcXJoc__2,0.25,0,1
-dxfTGcXJoc__2,0.75,2,1
-dxfTGcXJoc__2,1.25,3,1
-dxfTGcXJoc__2,1.75,5,1
-dxfTGcXJoc__2,2.25,6,1
-dxfTGcXJoc__2,2.75,8,1
-dxfTGcXJoc__2,3.25,9,1
-dxfTGcXJoc__2,3.75,11,1
-dxfTGcXJoc__2,4.25,12,1
-dxfTGcXJoc__2,4.75,14,1
-dxfTGcXJoc__2,5.25,15,1
-dxfTGcXJoc__2,5.75,17,1
-dxfTGcXJoc__2,6.25,18,1
-dxfTGcXJoc__2,6.75,20,1
-dxfTGcXJoc__2,7.25,21,1
-dxfTGcXJoc__2,7.75,23,1
-dxfTGcXJoc__2,8.25,24,1
-dxfTGcXJoc__2,8.75,26,1
-dxfTGcXJoc__2,9.25,27,1
-dxfTGcXJoc__2,9.75,29,1
-dxfTGcXJoc__2,10.25,30,1
-dxfTGcXJoc__2,10.75,32,1
-dxfTGcXJoc__2,11.25,33,1
-dxfTGcXJoc__2,11.75,35,1
-dxfTGcXJoc__2,12.25,36,1
-dxfTGcXJoc__2,12.75,38,1
-dxfTGcXJoc__2,13.25,39,1
-dxfTGcXJoc__2,13.75,41,1
-dxfTGcXJoc__2,14.25,42,1
-dxfTGcXJoc__2,14.75,44,1
-dxfTGcXJoc__2,15.25,45,1
-dxfTGcXJoc__2,15.75,47,1
-dxfTGcXJoc__2,16.25,48,1
-dxfTGcXJoc__6,0.25,0,1
-dxfTGcXJoc__6,0.75,2,1
-dxfTGcXJoc__6,1.25,4,1
-dxfTGcXJoc__6,1.75,6,1
-dxfTGcXJoc__6,2.25,8,1
-dxfTGcXJoc__6,2.75,10,1
-dxfTGcXJoc__6,3.25,12,1
-dxfTGcXJoc__6,3.75,14,1
-dxfTGcXJoc__6,4.25,16,1
-dxfTGcXJoc__6,4.75,18,1
-dxfTGcXJoc__6,5.25,20,1
-dxfTGcXJoc__6,5.75,22,1
-dxfTGcXJoc__6,6.25,24,1
-dxfTGcXJoc__6,6.75,26,1
-dxfTGcXJoc__6,7.25,28,1
-dxfTGcXJoc__6,7.75,30,1
-dxfTGcXJoc__6,8.25,32,1
-dxfTGcXJoc__6,8.75,34,1
-dxfTGcXJoc__6,9.25,36,1
-dxfTGcXJoc__6,9.75,38,1
-dxfTGcXJoc__6,10.25,40,1
-dxfTGcXJoc__6,10.75,42,1
-dxfTGcXJoc__6,11.25,44,1
-dxfTGcXJoc__6,11.75,46,1
-dxfTGcXJoc__6,12.25,48,1
-egA8-b7-3M__26,0.25,2,1
-egA8-b7-3M__26,0.75,6,1
-egA8-b7-3M__26,1.25,10,1
-egA8-b7-3M__26,1.75,14,1
-egA8-b7-3M__26,2.25,18,1
-egA8-b7-3M__26,2.75,22,1
-egA8-b7-3M__26,3.25,26,1
-egA8-b7-3M__26,3.75,31,1
-egA8-b7-3M__26,4.25,35,1
-egA8-b7-3M__26,4.75,39,1
-egA8-b7-3M__26,5.25,43,1
-egA8-b7-3M__26,5.75,47,1
-egA8-b7-3M__17,0.25,1,1
-egA8-b7-3M__17,0.75,5,1
-egA8-b7-3M__17,1.25,8,1
-egA8-b7-3M__17,1.75,12,1
-egA8-b7-3M__17,2.25,15,1
-egA8-b7-3M__17,2.75,18,1
-egA8-b7-3M__17,3.25,22,1
-egA8-b7-3M__17,3.75,25,1
-egA8-b7-3M__17,4.25,29,1
-egA8-b7-3M__17,4.75,32,1
-egA8-b7-3M__17,5.25,36,1
-egA8-b7-3M__17,5.75,39,1
-egA8-b7-3M__17,6.25,42,1
-egA8-b7-3M__17,6.75,46,1
-egA8-b7-3M__17,7.25,49,1
-egA8-b7-3M__18,0.25,1,1
-egA8-b7-3M__18,0.75,4,1
-egA8-b7-3M__18,1.25,7,1
-egA8-b7-3M__18,1.75,10,1
-egA8-b7-3M__18,2.25,13,1
-egA8-b7-3M__18,2.75,16,1
-egA8-b7-3M__18,3.25,19,1
-egA8-b7-3M__18,3.75,22,1
-egA8-b7-3M__18,4.25,25,1
-egA8-b7-3M__18,4.75,28,1
-egA8-b7-3M__18,5.25,31,1
-egA8-b7-3M__18,5.75,34,1
-egA8-b7-3M__18,6.25,37,1
-egA8-b7-3M__18,6.75,40,1
-egA8-b7-3M__18,7.25,43,1
-egA8-b7-3M__18,7.75,46,1
-egA8-b7-3M__18,8.25,49,1
-egA8-b7-3M__16,0.25,2,1
-egA8-b7-3M__16,0.75,6,1
-egA8-b7-3M__16,1.25,11,1
-egA8-b7-3M__16,1.75,15,1
-egA8-b7-3M__16,2.25,20,1
-egA8-b7-3M__16,2.75,24,1
-egA8-b7-3M__16,3.25,29,1
-egA8-b7-3M__16,3.75,33,1
-egA8-b7-3M__16,4.25,38,1
-egA8-b7-3M__16,4.75,42,1
-egA8-b7-3M__16,5.25,47,1
-egA8-b7-3M__13,0.25,2,1
-egA8-b7-3M__13,0.75,8,1
-egA8-b7-3M__13,1.25,14,1
-egA8-b7-3M__13,1.75,20,1
-egA8-b7-3M__13,2.25,26,1
-egA8-b7-3M__13,2.75,32,1
-egA8-b7-3M__13,3.25,38,1
-egA8-b7-3M__13,3.75,44,1
-egA8-b7-3M__1,0.25,1,1
-egA8-b7-3M__1,0.75,3,1
-egA8-b7-3M__1,1.25,6,1
-egA8-b7-3M__1,1.75,8,1
-egA8-b7-3M__1,2.25,10,1
-egA8-b7-3M__1,2.75,13,1
-egA8-b7-3M__1,3.25,15,1
-egA8-b7-3M__1,3.75,18,1
-egA8-b7-3M__1,4.25,20,1
-egA8-b7-3M__1,4.75,23,1
-egA8-b7-3M__1,5.25,25,1
-egA8-b7-3M__1,5.75,27,1
-egA8-b7-3M__1,6.25,30,1
-egA8-b7-3M__1,6.75,32,1
-egA8-b7-3M__1,7.25,35,1
-egA8-b7-3M__1,7.75,37,1
-egA8-b7-3M__1,8.25,40,1
-egA8-b7-3M__1,8.75,42,1
-egA8-b7-3M__1,9.25,45,1
-egA8-b7-3M__1,9.75,47,1
-egA8-b7-3M__6,0.25,1,1
-egA8-b7-3M__6,0.75,5,1
-egA8-b7-3M__6,1.25,9,1
-egA8-b7-3M__6,1.75,13,1
-egA8-b7-3M__6,2.25,17,1
-egA8-b7-3M__6,2.75,21,1
-egA8-b7-3M__6,3.25,25,1
-egA8-b7-3M__6,3.75,29,1
-egA8-b7-3M__6,4.25,33,1
-egA8-b7-3M__6,4.75,37,1
-egA8-b7-3M__6,5.25,41,1
-egA8-b7-3M__6,5.75,45,1
-egA8-b7-3M__9,0.25,2,1
-egA8-b7-3M__9,0.75,7,1
-egA8-b7-3M__9,1.25,12,1
-egA8-b7-3M__9,1.75,17,1
-egA8-b7-3M__9,2.25,22,1
-egA8-b7-3M__9,2.75,27,1
-egA8-b7-3M__9,3.25,31,1
-egA8-b7-3M__9,3.75,36,1
-egA8-b7-3M__9,4.25,41,1
-egA8-b7-3M__9,4.75,46,1
-egA8-b7-3M__20,0.25,1,1
-egA8-b7-3M__20,0.75,5,1
-egA8-b7-3M__20,1.25,9,1
-egA8-b7-3M__20,1.75,13,1
-egA8-b7-3M__20,2.25,16,1
-egA8-b7-3M__20,2.75,20,1
-egA8-b7-3M__20,3.25,24,1
-egA8-b7-3M__20,3.75,28,1
-egA8-b7-3M__20,4.25,32,1
-egA8-b7-3M__20,4.75,35,1
-egA8-b7-3M__20,5.25,39,1
-egA8-b7-3M__20,5.75,43,1
-egA8-b7-3M__20,6.25,47,1
-iRBcNs9oI8__3,0.25,2,0
-iRBcNs9oI8__3,0.75,6,0
-iRBcNs9oI8__3,1.25,11,0
-iRBcNs9oI8__3,1.75,15,0
-iRBcNs9oI8__3,2.25,20,0
-iRBcNs9oI8__3,2.75,24,0
-iRBcNs9oI8__3,3.25,28,0
-iRBcNs9oI8__3,3.75,33,0
-iRBcNs9oI8__3,4.25,37,0
-iRBcNs9oI8__3,4.75,42,0
-iRBcNs9oI8__3,5.25,46,0
-iRBcNs9oI8__7,0.25,3,0
-iRBcNs9oI8__7,0.75,9,0
-iRBcNs9oI8__7,1.25,15,0
-iRBcNs9oI8__7,1.75,21,0
-iRBcNs9oI8__7,2.25,27,0
-iRBcNs9oI8__7,2.75,33,0
-iRBcNs9oI8__7,3.25,39,0
-iRBcNs9oI8__7,3.75,45,0
-iRBcNs9oI8__6,0.25,4,0
-iRBcNs9oI8__6,0.75,12,0
-iRBcNs9oI8__6,1.25,21,0
-iRBcNs9oI8__6,1.75,30,0
-iRBcNs9oI8__6,2.25,38,0
-iRBcNs9oI8__6,2.75,47,0
-iRBcNs9oI8__9,0.25,3,0
-iRBcNs9oI8__9,0.75,10,0
-iRBcNs9oI8__9,1.25,18,0
-iRBcNs9oI8__9,1.75,25,0
-iRBcNs9oI8__9,2.25,32,0
-iRBcNs9oI8__9,2.75,40,0
-iRBcNs9oI8__9,3.25,47,0
-iRBcNs9oI8__8,0.25,1,0
-iRBcNs9oI8__8,0.75,4,0
-iRBcNs9oI8__8,1.25,7,0
-iRBcNs9oI8__8,1.75,10,0
-iRBcNs9oI8__8,2.25,13,0
-iRBcNs9oI8__8,2.75,16,0
-iRBcNs9oI8__8,3.25,20,0
-iRBcNs9oI8__8,3.75,23,0
-iRBcNs9oI8__8,4.25,26,0
-iRBcNs9oI8__8,4.75,29,0
-iRBcNs9oI8__8,5.25,32,0
-iRBcNs9oI8__8,5.75,35,0
-iRBcNs9oI8__8,6.25,38,0
-iRBcNs9oI8__8,6.75,41,0
-iRBcNs9oI8__8,7.25,44,0
-iRBcNs9oI8__8,7.75,47,0
-lzEya4AM_4__5,0.25,1,1
-lzEya4AM_4__5,0.75,4,1
-lzEya4AM_4__5,1.25,8,1
-lzEya4AM_4__5,1.75,11,1
-lzEya4AM_4__5,2.25,14,1
-lzEya4AM_4__5,2.75,17,1
-lzEya4AM_4__5,3.25,21,1
-lzEya4AM_4__5,3.75,24,1
-lzEya4AM_4__5,4.25,27,1
-lzEya4AM_4__5,4.75,30,1
-lzEya4AM_4__5,5.25,34,1
-lzEya4AM_4__5,5.75,37,1
-lzEya4AM_4__5,6.25,40,1
-lzEya4AM_4__5,6.75,43,1
-lzEya4AM_4__5,7.25,47,1
-lzEya4AM_4__6,0.25,0,0
-lzEya4AM_4__6,0.75,2,1
-lzEya4AM_4__6,1.25,4,1
-lzEya4AM_4__6,1.75,5,1
-lzEya4AM_4__6,2.25,7,1
-lzEya4AM_4__6,2.75,9,1
-lzEya4AM_4__6,3.25,10,1
-lzEya4AM_4__6,3.75,12,1
-lzEya4AM_4__6,4.25,14,1
-lzEya4AM_4__6,4.75,16,1
-lzEya4AM_4__6,5.25,17,1
-lzEya4AM_4__6,5.75,19,1
-lzEya4AM_4__6,6.25,21,1
-lzEya4AM_4__6,6.75,22,1
-lzEya4AM_4__6,7.25,24,1
-lzEya4AM_4__6,7.75,26,1
-lzEya4AM_4__6,8.25,27,1
-lzEya4AM_4__6,8.75,29,1
-lzEya4AM_4__6,9.25,31,1
-lzEya4AM_4__6,9.75,32,1
-lzEya4AM_4__6,10.25,34,1
-lzEya4AM_4__6,10.75,36,1
-lzEya4AM_4__6,11.25,38,1
-lzEya4AM_4__6,11.75,39,1
-lzEya4AM_4__6,12.25,41,1
-lzEya4AM_4__6,12.75,43,1
-lzEya4AM_4__6,13.25,44,1
-lzEya4AM_4__6,13.75,46,1
-lzEya4AM_4__6,14.25,48,1
-lzEya4AM_4__6,14.75,49,1
-mJ2ud6oKI8__1,0.25,2,0
-mJ2ud6oKI8__1,0.75,6,0
-mJ2ud6oKI8__1,1.25,10,0
-mJ2ud6oKI8__1,1.75,14,0
-mJ2ud6oKI8__1,2.25,18,0
-mJ2ud6oKI8__1,2.75,22,0
-mJ2ud6oKI8__1,3.25,26,0
-mJ2ud6oKI8__1,3.75,30,0
-mJ2ud6oKI8__1,4.25,34,0
-mJ2ud6oKI8__1,4.75,38,0
-mJ2ud6oKI8__1,5.25,43,0
-mJ2ud6oKI8__1,5.75,47,0
-mJ2ud6oKI8__2,0.25,2,0
-mJ2ud6oKI8__2,0.75,6,0
-mJ2ud6oKI8__2,1.25,10,0
-mJ2ud6oKI8__2,1.75,15,0
-mJ2ud6oKI8__2,2.25,19,0
-mJ2ud6oKI8__2,2.75,23,0
-mJ2ud6oKI8__2,3.25,28,0
-mJ2ud6oKI8__2,3.75,32,0
-mJ2ud6oKI8__2,4.25,37,0
-mJ2ud6oKI8__2,4.75,41,0
-mJ2ud6oKI8__2,5.25,45,0
-mJ2ud6oKI8__6,0.25,5,1
-mJ2ud6oKI8__6,0.75,16,1
-mJ2ud6oKI8__6,1.25,27,1
-mJ2ud6oKI8__6,1.75,38,1
-mJ2ud6oKI8__9,0.25,1,1
-mJ2ud6oKI8__9,0.75,5,1
-mJ2ud6oKI8__9,1.25,8,1
-mJ2ud6oKI8__9,1.75,12,1
-mJ2ud6oKI8__9,2.25,16,1
-mJ2ud6oKI8__9,2.75,19,1
-mJ2ud6oKI8__9,3.25,23,1
-mJ2ud6oKI8__9,3.75,26,1
-mJ2ud6oKI8__9,4.25,30,1
-mJ2ud6oKI8__9,4.75,33,1
-mJ2ud6oKI8__9,5.25,37,1
-mJ2ud6oKI8__9,5.75,40,1
-mJ2ud6oKI8__9,6.25,44,1
-mJ2ud6oKI8__9,6.75,48,1
-mJ2ud6oKI8__8,0.25,2,1
-mJ2ud6oKI8__8,0.75,8,1
-mJ2ud6oKI8__8,1.25,14,1
-mJ2ud6oKI8__8,1.75,20,1
-mJ2ud6oKI8__8,2.25,26,1
-mJ2ud6oKI8__8,2.75,32,1
-mJ2ud6oKI8__8,3.25,38,1
-mJ2ud6oKI8__8,3.75,44,1
-mqbVkbCndg__0,0.25,1,1
-mqbVkbCndg__0,0.75,5,1
-mqbVkbCndg__0,1.25,9,1
-mqbVkbCndg__0,1.75,13,1
-mqbVkbCndg__0,2.25,17,1
-mqbVkbCndg__0,2.75,21,1
-mqbVkbCndg__0,3.25,25,1
-mqbVkbCndg__0,3.75,28,1
-mqbVkbCndg__0,4.25,32,1
-mqbVkbCndg__0,4.75,36,1
-mqbVkbCndg__0,5.25,40,1
-mqbVkbCndg__0,5.75,44,1
-mqbVkbCndg__0,6.25,48,1
-t217m2on-s__2,0.25,2,1
-t217m2on-s__2,0.75,6,1
-t217m2on-s__2,1.25,10,1
-t217m2on-s__2,1.75,15,1
-t217m2on-s__2,2.25,19,1
-t217m2on-s__2,2.75,24,1
-t217m2on-s__2,3.25,28,1
-t217m2on-s__2,3.75,32,1
-t217m2on-s__2,4.25,37,1
-t217m2on-s__2,4.75,41,1
-t217m2on-s__2,5.25,46,1
-t217m2on-s__7,0.25,0,1
-t217m2on-s__7,0.75,2,1
-t217m2on-s__7,1.25,3,1
-t217m2on-s__7,1.75,5,1
-t217m2on-s__7,2.25,6,1
-t217m2on-s__7,2.75,8,1
-t217m2on-s__7,3.25,9,1
-t217m2on-s__7,3.75,10,1
-t217m2on-s__7,4.25,12,1
-t217m2on-s__7,4.75,13,1
-t217m2on-s__7,5.25,15,1
-t217m2on-s__7,5.75,16,1
-t217m2on-s__7,6.25,18,1
-t217m2on-s__7,6.75,19,1
-t217m2on-s__7,7.25,21,1
-t217m2on-s__7,7.75,22,1
-t217m2on-s__7,8.25,24,1
-t217m2on-s__7,8.75,25,1
-t217m2on-s__7,9.25,26,1
-t217m2on-s__7,9.75,28,1
-t217m2on-s__7,10.25,29,1
-t217m2on-s__7,10.75,31,1
-t217m2on-s__7,11.25,32,1
-t217m2on-s__7,11.75,34,1
-t217m2on-s__7,12.25,35,1
-t217m2on-s__7,12.75,37,1
-t217m2on-s__7,13.25,38,1
-t217m2on-s__7,13.75,40,1
-t217m2on-s__7,14.25,41,1
-t217m2on-s__7,14.75,42,1
-t217m2on-s__7,15.25,44,1
-t217m2on-s__7,15.75,45,1
-t217m2on-s__7,16.25,47,1
-t217m2on-s__7,16.75,48,1
-tANM6ETl_M__3,0.25,1,1
-tANM6ETl_M__3,0.75,5,1
-tANM6ETl_M__3,1.25,9,1
-tANM6ETl_M__3,1.75,12,1
-tANM6ETl_M__3,2.25,16,1
-tANM6ETl_M__3,2.75,20,1
-tANM6ETl_M__3,3.25,24,1
-tANM6ETl_M__3,3.75,27,1
-tANM6ETl_M__3,4.25,31,1
-tANM6ETl_M__3,4.75,35,1
-tANM6ETl_M__3,5.25,38,1
-tANM6ETl_M__3,5.75,42,1
-tANM6ETl_M__3,6.25,46,1
-tPCytz4rww__11,0.25,2,1
-tPCytz4rww__11,0.75,6,1
-tPCytz4rww__11,1.25,11,1
-tPCytz4rww__11,1.75,15,1
-tPCytz4rww__11,2.25,20,1
-tPCytz4rww__11,2.75,25,1
-tPCytz4rww__11,3.25,29,1
-tPCytz4rww__11,3.75,34,1
-tPCytz4rww__11,4.25,38,1
-tPCytz4rww__11,4.75,43,1
-tPCytz4rww__11,5.25,47,1
-tPCytz4rww__10,0.25,2,1
-tPCytz4rww__10,0.75,7,1
-tPCytz4rww__10,1.25,13,1
-tPCytz4rww__10,1.75,18,1
-tPCytz4rww__10,2.25,23,1
-tPCytz4rww__10,2.75,28,1
-tPCytz4rww__10,3.25,33,1
-tPCytz4rww__10,3.75,39,1
-tPCytz4rww__10,4.25,44,1
-tPCytz4rww__10,4.75,49,1
-tPCytz4rww__12,0.25,1,1
-tPCytz4rww__12,0.75,3,1
-tPCytz4rww__12,1.25,5,1
-tPCytz4rww__12,1.75,7,1
-tPCytz4rww__12,2.25,9,1
-tPCytz4rww__12,2.75,11,1
-tPCytz4rww__12,3.25,13,1
-tPCytz4rww__12,3.75,15,1
-tPCytz4rww__12,4.25,17,1
-tPCytz4rww__12,4.75,20,1
-tPCytz4rww__12,5.25,22,1
-tPCytz4rww__12,5.75,24,1
-tPCytz4rww__12,6.25,26,1
-tPCytz4rww__12,6.75,28,1
-tPCytz4rww__12,7.25,30,1
-tPCytz4rww__12,7.75,32,1
-tPCytz4rww__12,8.25,34,1
-tPCytz4rww__12,8.75,36,1
-tPCytz4rww__12,9.25,38,1
-tPCytz4rww__12,9.75,41,1
-tPCytz4rww__12,10.25,43,1
-tPCytz4rww__12,10.75,45,1
-tPCytz4rww__12,11.25,47,1
-tPCytz4rww__12,11.75,49,1
-tPCytz4rww__16,0.25,1,1
-tPCytz4rww__16,0.75,5,1
-tPCytz4rww__16,1.25,8,1
-tPCytz4rww__16,1.75,12,1
-tPCytz4rww__16,2.25,15,1
-tPCytz4rww__16,2.75,19,1
-tPCytz4rww__16,3.25,22,1
-tPCytz4rww__16,3.75,26,1
-tPCytz4rww__16,4.25,29,1
-tPCytz4rww__16,4.75,32,1
-tPCytz4rww__16,5.25,36,1
-tPCytz4rww__16,5.75,39,1
-tPCytz4rww__16,6.25,43,1
-tPCytz4rww__16,6.75,46,1
-tPCytz4rww__18,0.25,1,1
-tPCytz4rww__18,0.75,5,1
-tPCytz4rww__18,1.25,9,1
-tPCytz4rww__18,1.75,13,1
-tPCytz4rww__18,2.25,16,1
-tPCytz4rww__18,2.75,20,1
-tPCytz4rww__18,3.25,24,1
-tPCytz4rww__18,3.75,28,1
-tPCytz4rww__18,4.25,32,1
-tPCytz4rww__18,4.75,35,1
-tPCytz4rww__18,5.25,39,1
-tPCytz4rww__18,5.75,43,1
-tPCytz4rww__18,6.25,47,1
-vxjVxOeScU__4,0.25,1,1
-vxjVxOeScU__4,0.75,4,1
-vxjVxOeScU__4,1.25,6,1
-vxjVxOeScU__4,1.75,9,1
-vxjVxOeScU__4,2.25,12,1
-vxjVxOeScU__4,2.75,15,1
-vxjVxOeScU__4,3.25,17,1
-vxjVxOeScU__4,3.75,20,1
-vxjVxOeScU__4,4.25,23,1
-vxjVxOeScU__4,4.75,26,1
-vxjVxOeScU__4,5.25,28,1
-vxjVxOeScU__4,5.75,31,1
-vxjVxOeScU__4,6.25,34,1
-vxjVxOeScU__4,6.75,36,1
-vxjVxOeScU__4,7.25,39,1
-vxjVxOeScU__4,7.75,42,1
-vxjVxOeScU__4,8.25,45,1
-vxjVxOeScU__4,8.75,47,1
-wMB_hJL-3o__7,0.25,2,1
-wMB_hJL-3o__7,0.75,6,1
-wMB_hJL-3o__7,1.25,10,1
-wMB_hJL-3o__7,1.75,14,1
-wMB_hJL-3o__7,2.25,18,1
-wMB_hJL-3o__7,2.75,22,1
-wMB_hJL-3o__7,3.25,26,1
-wMB_hJL-3o__7,3.75,31,1
-wMB_hJL-3o__7,4.25,35,1
-wMB_hJL-3o__7,4.75,39,1
-wMB_hJL-3o__7,5.25,43,1
-wMB_hJL-3o__7,5.75,47,0
-wny0OAz3g8__1,0.25,1,1
-wny0OAz3g8__1,0.75,5,0
-wny0OAz3g8__1,1.25,9,0
-wny0OAz3g8__1,1.75,12,0
-wny0OAz3g8__1,2.25,16,0
-wny0OAz3g8__1,2.75,20,0
-wny0OAz3g8__1,3.25,23,0
-wny0OAz3g8__1,3.75,27,0
-wny0OAz3g8__1,4.25,31,0
-wny0OAz3g8__1,4.75,34,0
-wny0OAz3g8__1,5.25,38,0
-wny0OAz3g8__1,5.75,42,0
-wny0OAz3g8__1,6.25,45,0
-wny0OAz3g8__1,6.75,49,1
-wny0OAz3g8__0,0.25,3,1
-wny0OAz3g8__0,0.75,11,1
-wny0OAz3g8__0,1.25,18,1
-wny0OAz3g8__0,1.75,26,1
-wny0OAz3g8__0,2.25,33,1
-wny0OAz3g8__0,2.75,41,1
-wny0OAz3g8__0,3.25,48,0
-wny0OAz3g8__3,0.25,2,1
-wny0OAz3g8__3,0.75,6,0
-wny0OAz3g8__3,1.25,10,0
-wny0OAz3g8__3,1.75,14,0
-wny0OAz3g8__3,2.25,18,0
-wny0OAz3g8__3,2.75,22,0
-wny0OAz3g8__3,3.25,26,0
-wny0OAz3g8__3,3.75,30,0
-wny0OAz3g8__3,4.25,34,0
-wny0OAz3g8__3,4.75,38,0
-wny0OAz3g8__3,5.25,42,0
-wny0OAz3g8__3,5.75,46,1
-wny0OAz3g8__2,0.25,1,0
-wny0OAz3g8__2,0.75,5,1
-wny0OAz3g8__2,1.25,9,1
-wny0OAz3g8__2,1.75,13,1
-wny0OAz3g8__2,2.25,16,1
-wny0OAz3g8__2,2.75,20,1
-wny0OAz3g8__2,3.25,24,1
-wny0OAz3g8__2,3.75,28,1
-wny0OAz3g8__2,4.25,31,1
-wny0OAz3g8__2,4.75,35,1
-wny0OAz3g8__2,5.25,39,1
-wny0OAz3g8__2,5.75,42,1
-wny0OAz3g8__2,6.25,46,0
-wny0OAz3g8__5,0.25,1,1
-wny0OAz3g8__5,0.75,5,0
-wny0OAz3g8__5,1.25,9,0
-wny0OAz3g8__5,1.75,12,0
-wny0OAz3g8__5,2.25,16,0
-wny0OAz3g8__5,2.75,19,0
-wny0OAz3g8__5,3.25,23,0
-wny0OAz3g8__5,3.75,27,0
-wny0OAz3g8__5,4.25,30,0
-wny0OAz3g8__5,4.75,34,0
-wny0OAz3g8__5,5.25,37,0
-wny0OAz3g8__5,5.75,41,0
-wny0OAz3g8__5,6.25,45,1
-wny0OAz3g8__5,6.75,48,1
-wny0OAz3g8__7,0.25,1,1
-wny0OAz3g8__7,0.75,4,0
-wny0OAz3g8__7,1.25,7,0
-wny0OAz3g8__7,1.75,10,0
-wny0OAz3g8__7,2.25,13,0
-wny0OAz3g8__7,2.75,17,0
-wny0OAz3g8__7,3.25,20,0
-wny0OAz3g8__7,3.75,23,0
-wny0OAz3g8__7,4.25,26,0
-wny0OAz3g8__7,4.75,29,0
-wny0OAz3g8__7,5.25,32,0
-wny0OAz3g8__7,5.75,35,0
-wny0OAz3g8__7,6.25,38,0
-wny0OAz3g8__7,6.75,41,0
-wny0OAz3g8__7,7.25,44,0
-wny0OAz3g8__7,7.75,48,1
-wny0OAz3g8__9,0.25,2,1
-wny0OAz3g8__9,0.75,6,1
-wny0OAz3g8__9,1.25,10,1
-wny0OAz3g8__9,1.75,14,1
-wny0OAz3g8__9,2.25,18,1
-wny0OAz3g8__9,2.75,22,1
-wny0OAz3g8__9,3.25,26,1
-wny0OAz3g8__9,3.75,30,1
-wny0OAz3g8__9,4.25,34,1
-wny0OAz3g8__9,4.75,38,1
-wny0OAz3g8__9,5.25,42,1
-wny0OAz3g8__9,5.75,46,0
-571d8cVauQ__0,0.25,2,1
-571d8cVauQ__0,0.75,7,1
-571d8cVauQ__0,1.25,12,1
-571d8cVauQ__0,1.75,17,1
-571d8cVauQ__0,2.25,22,1
-571d8cVauQ__0,2.75,27,1
-571d8cVauQ__0,3.25,32,1
-571d8cVauQ__0,3.75,36,1
-571d8cVauQ__0,4.25,41,1
-571d8cVauQ__0,4.75,46,1
-571d8cVauQ__5,0.25,0,1
-571d8cVauQ__5,0.75,2,1
-571d8cVauQ__5,1.25,4,1
-571d8cVauQ__5,1.75,5,1
-571d8cVauQ__5,2.25,7,1
-571d8cVauQ__5,2.75,9,1
-571d8cVauQ__5,3.25,10,1
-571d8cVauQ__5,3.75,12,1
-571d8cVauQ__5,4.25,13,1
-571d8cVauQ__5,4.75,15,1
-571d8cVauQ__5,5.25,17,1
-571d8cVauQ__5,5.75,18,1
-571d8cVauQ__5,6.25,20,1
-571d8cVauQ__5,6.75,22,1
-571d8cVauQ__5,7.25,23,1
-571d8cVauQ__5,7.75,25,1
-571d8cVauQ__5,8.25,27,1
-571d8cVauQ__5,8.75,28,1
-571d8cVauQ__5,9.25,30,1
-571d8cVauQ__5,9.75,31,1
-571d8cVauQ__5,10.25,33,1
-571d8cVauQ__5,10.75,35,1
-571d8cVauQ__5,11.25,36,1
-571d8cVauQ__5,11.75,38,1
-571d8cVauQ__5,12.25,40,1
-571d8cVauQ__5,12.75,41,1
-571d8cVauQ__5,13.25,43,1
-571d8cVauQ__5,13.75,45,1
-571d8cVauQ__5,14.25,46,1
-571d8cVauQ__5,14.75,48,1
-571d8cVauQ__5,15.25,49,1
-I_e4mIh0yE__1,0.25,1,1
-I_e4mIh0yE__1,0.75,4,1
-I_e4mIh0yE__1,1.25,8,1
-I_e4mIh0yE__1,1.75,11,1
-I_e4mIh0yE__1,2.25,14,1
-I_e4mIh0yE__1,2.75,18,1
-I_e4mIh0yE__1,3.25,21,1
-I_e4mIh0yE__1,3.75,24,1
-I_e4mIh0yE__1,4.25,27,1
-I_e4mIh0yE__1,4.75,31,1
-I_e4mIh0yE__1,5.25,34,1
-I_e4mIh0yE__1,5.75,37,1
-I_e4mIh0yE__1,6.25,41,1
-I_e4mIh0yE__1,6.75,44,1
-I_e4mIh0yE__1,7.25,47,1
-I_e4mIh0yE__3,0.25,1,1
-I_e4mIh0yE__3,0.75,4,1
-I_e4mIh0yE__3,1.25,6,1
-I_e4mIh0yE__3,1.75,9,1
-I_e4mIh0yE__3,2.25,12,1
-I_e4mIh0yE__3,2.75,15,1
-I_e4mIh0yE__3,3.25,17,1
-I_e4mIh0yE__3,3.75,20,1
-I_e4mIh0yE__3,4.25,23,1
-I_e4mIh0yE__3,4.75,25,1
-I_e4mIh0yE__3,5.25,28,1
-I_e4mIh0yE__3,5.75,31,1
-I_e4mIh0yE__3,6.25,34,1
-I_e4mIh0yE__3,6.75,36,1
-I_e4mIh0yE__3,7.25,39,1
-I_e4mIh0yE__3,7.75,42,1
-I_e4mIh0yE__3,8.25,45,1
-I_e4mIh0yE__3,8.75,47,1
-UacrmKiTn4__10,0.25,1,1
-UacrmKiTn4__10,0.75,5,1
-UacrmKiTn4__10,1.25,8,1
-UacrmKiTn4__10,1.75,11,1
-UacrmKiTn4__10,2.25,15,1
-UacrmKiTn4__10,2.75,18,1
-UacrmKiTn4__10,3.25,22,1
-UacrmKiTn4__10,3.75,25,1
-UacrmKiTn4__10,4.25,28,1
-UacrmKiTn4__10,4.75,32,1
-UacrmKiTn4__10,5.25,35,1
-UacrmKiTn4__10,5.75,39,1
-UacrmKiTn4__10,6.25,42,1
-UacrmKiTn4__10,6.75,45,1
-UacrmKiTn4__10,7.25,49,1
-UacrmKiTn4__4,0.25,2,1
-UacrmKiTn4__4,0.75,7,1
-UacrmKiTn4__4,1.25,13,1
-UacrmKiTn4__4,1.75,18,1
-UacrmKiTn4__4,2.25,23,1
-UacrmKiTn4__4,2.75,29,1
-UacrmKiTn4__4,3.25,34,1
-UacrmKiTn4__4,3.75,39,1
-UacrmKiTn4__4,4.25,44,1
-hnBHBN8p5A__7,0.25,1,0
-hnBHBN8p5A__7,0.75,5,0
-hnBHBN8p5A__7,1.25,8,0
-hnBHBN8p5A__7,1.75,11,0
-hnBHBN8p5A__7,2.25,15,0
-hnBHBN8p5A__7,2.75,18,0
-hnBHBN8p5A__7,3.25,22,0
-hnBHBN8p5A__7,3.75,25,0
-hnBHBN8p5A__7,4.25,28,0
-hnBHBN8p5A__7,4.75,32,0
-hnBHBN8p5A__7,5.25,35,0
-hnBHBN8p5A__7,5.75,39,0
-hnBHBN8p5A__7,6.25,42,0
-hnBHBN8p5A__7,6.75,45,0
-hnBHBN8p5A__7,7.25,49,0
-hnBHBN8p5A__6,0.25,1,0
-hnBHBN8p5A__6,0.75,5,0
-hnBHBN8p5A__6,1.25,9,0
-hnBHBN8p5A__6,1.75,13,0
-hnBHBN8p5A__6,2.25,17,0
-hnBHBN8p5A__6,2.75,21,0
-hnBHBN8p5A__6,3.25,25,0
-hnBHBN8p5A__6,3.75,29,0
-hnBHBN8p5A__6,4.25,33,0
-hnBHBN8p5A__6,4.75,37,0
-hnBHBN8p5A__6,5.25,41,0
-hnBHBN8p5A__6,5.75,44,0
-hnBHBN8p5A__6,6.25,48,0
-qDkUB0GgYY__6,0.25,2,1
-qDkUB0GgYY__6,0.75,8,1
-qDkUB0GgYY__6,1.25,13,1
-qDkUB0GgYY__6,1.75,18,1
-qDkUB0GgYY__6,2.25,24,1
-qDkUB0GgYY__6,2.75,29,1
-qDkUB0GgYY__6,3.25,34,1
-qDkUB0GgYY__6,3.75,40,1
-qDkUB0GgYY__6,4.25,45,1
-uywlfIYOS8__4,0.25,2,1
-uywlfIYOS8__4,0.75,6,1
-uywlfIYOS8__4,1.25,10,1
-uywlfIYOS8__4,1.75,14,1
-uywlfIYOS8__4,2.25,18,1
-uywlfIYOS8__4,2.75,22,1
-uywlfIYOS8__4,3.25,26,1
-uywlfIYOS8__4,3.75,31,1
-uywlfIYOS8__4,4.25,35,1
-uywlfIYOS8__4,4.75,39,1
-uywlfIYOS8__4,5.25,43,1
-uywlfIYOS8__4,5.75,47,1
-6rXp3zJ3kc__8,0.25,0,1
-6rXp3zJ3kc__8,0.75,2,1
-6rXp3zJ3kc__8,1.25,4,1
-6rXp3zJ3kc__8,1.75,6,1
-6rXp3zJ3kc__8,2.25,8,1
-6rXp3zJ3kc__8,2.75,10,1
-6rXp3zJ3kc__8,3.25,12,1
-6rXp3zJ3kc__8,3.75,14,1
-6rXp3zJ3kc__8,4.25,16,1
-6rXp3zJ3kc__8,4.75,18,1
-6rXp3zJ3kc__8,5.25,20,1
-6rXp3zJ3kc__8,5.75,22,1
-6rXp3zJ3kc__8,6.25,24,1
-6rXp3zJ3kc__8,6.75,26,1
-6rXp3zJ3kc__8,7.25,28,1
-6rXp3zJ3kc__8,7.75,30,1
-6rXp3zJ3kc__8,8.25,32,1
-6rXp3zJ3kc__8,8.75,34,1
-6rXp3zJ3kc__8,9.25,36,1
-6rXp3zJ3kc__8,9.75,38,1
-6rXp3zJ3kc__8,10.25,40,1
-6rXp3zJ3kc__8,10.75,41,1
-6rXp3zJ3kc__8,11.25,43,1
-6rXp3zJ3kc__8,11.75,45,1
-6rXp3zJ3kc__8,12.25,47,1
-6rXp3zJ3kc__8,12.75,49,1
-9y-fZ3swSY__0,0.25,1,1
-9y-fZ3swSY__0,0.75,5,1
-9y-fZ3swSY__0,1.25,9,1
-9y-fZ3swSY__0,1.75,12,1
-9y-fZ3swSY__0,2.25,16,1
-9y-fZ3swSY__0,2.75,20,1
-9y-fZ3swSY__0,3.25,23,1
-9y-fZ3swSY__0,3.75,27,1
-9y-fZ3swSY__0,4.25,31,1
-9y-fZ3swSY__0,4.75,34,1
-9y-fZ3swSY__0,5.25,38,1
-9y-fZ3swSY__0,5.75,42,1
-9y-fZ3swSY__0,6.25,45,1
-9y-fZ3swSY__0,6.75,49,1
-9y-fZ3swSY__4,0.25,4,0
-9y-fZ3swSY__4,0.75,13,0
-9y-fZ3swSY__4,1.25,22,1
-9y-fZ3swSY__4,1.75,31,1
-9y-fZ3swSY__4,2.25,39,1
-9y-fZ3swSY__4,2.75,48,1
-9y-fZ3swSY__8,0.25,2,0
-9y-fZ3swSY__8,0.75,7,0
-9y-fZ3swSY__8,1.25,12,0
-9y-fZ3swSY__8,1.75,17,0
-9y-fZ3swSY__8,2.25,22,0
-9y-fZ3swSY__8,2.75,27,0
-9y-fZ3swSY__8,3.25,32,0
-9y-fZ3swSY__8,3.75,37,0
-9y-fZ3swSY__8,4.25,42,0
-9y-fZ3swSY__8,4.75,47,1
-AUZQgSxyPQ__2,0.25,0,1
-AUZQgSxyPQ__2,0.75,1,1
-AUZQgSxyPQ__2,1.25,2,1
-AUZQgSxyPQ__2,1.75,3,1
-AUZQgSxyPQ__2,2.25,4,1
-AUZQgSxyPQ__2,2.75,6,1
-AUZQgSxyPQ__2,3.25,7,1
-AUZQgSxyPQ__2,3.75,8,1
-AUZQgSxyPQ__2,4.25,9,1
-AUZQgSxyPQ__2,4.75,10,1
-AUZQgSxyPQ__2,5.25,11,1
-AUZQgSxyPQ__2,5.75,12,1
-AUZQgSxyPQ__2,6.25,13,1
-AUZQgSxyPQ__2,6.75,14,1
-AUZQgSxyPQ__2,7.25,16,1
-AUZQgSxyPQ__2,7.75,17,1
-AUZQgSxyPQ__2,8.25,18,1
-AUZQgSxyPQ__2,8.75,19,1
-AUZQgSxyPQ__2,9.25,20,1
-AUZQgSxyPQ__2,9.75,21,1
-AUZQgSxyPQ__2,10.25,22,1
-AUZQgSxyPQ__2,10.75,23,1
-AUZQgSxyPQ__2,11.25,24,1
-AUZQgSxyPQ__2,11.75,26,1
-AUZQgSxyPQ__2,12.25,27,1
-AUZQgSxyPQ__2,12.75,28,1
-AUZQgSxyPQ__2,13.25,29,1
-AUZQgSxyPQ__2,13.75,30,1
-AUZQgSxyPQ__2,14.25,31,1
-AUZQgSxyPQ__2,14.75,32,1
-AUZQgSxyPQ__2,15.25,33,1
-AUZQgSxyPQ__2,15.75,34,1
-AUZQgSxyPQ__2,16.25,36,1
-AUZQgSxyPQ__2,16.75,37,1
-AUZQgSxyPQ__2,17.25,38,1
-AUZQgSxyPQ__2,17.75,39,1
-AUZQgSxyPQ__2,18.25,40,1
-AUZQgSxyPQ__2,18.75,41,1
-AUZQgSxyPQ__2,19.25,42,1
-AUZQgSxyPQ__2,19.75,43,1
-AUZQgSxyPQ__2,20.25,44,1
-AUZQgSxyPQ__2,20.75,46,1
-AUZQgSxyPQ__2,21.25,47,1
-AUZQgSxyPQ__2,21.75,48,1
-AUZQgSxyPQ__2,22.25,49,1
-HeZS2-Prhc__2,0.25,1,1
-HeZS2-Prhc__2,0.75,4,1
-HeZS2-Prhc__2,1.25,7,1
-HeZS2-Prhc__2,1.75,10,1
-HeZS2-Prhc__2,2.25,13,1
-HeZS2-Prhc__2,2.75,16,1
-HeZS2-Prhc__2,3.25,19,1
-HeZS2-Prhc__2,3.75,22,1
-HeZS2-Prhc__2,4.25,25,1
-HeZS2-Prhc__2,4.75,28,1
-HeZS2-Prhc__2,5.25,31,1
-HeZS2-Prhc__2,5.75,34,1
-HeZS2-Prhc__2,6.25,37,1
-HeZS2-Prhc__2,6.75,40,1
-HeZS2-Prhc__2,7.25,43,1
-HeZS2-Prhc__2,7.75,46,1
-MeTTeMJBNc__0,0.25,1,1
-MeTTeMJBNc__0,0.75,4,1
-MeTTeMJBNc__0,1.25,6,1
-MeTTeMJBNc__0,1.75,9,1
-MeTTeMJBNc__0,2.25,12,1
-MeTTeMJBNc__0,2.75,14,1
-MeTTeMJBNc__0,3.25,17,1
-MeTTeMJBNc__0,3.75,20,1
-MeTTeMJBNc__0,4.25,22,1
-MeTTeMJBNc__0,4.75,25,1
-MeTTeMJBNc__0,5.25,28,1
-MeTTeMJBNc__0,5.75,30,1
-MeTTeMJBNc__0,6.25,33,1
-MeTTeMJBNc__0,6.75,36,1
-MeTTeMJBNc__0,7.25,38,1
-MeTTeMJBNc__0,7.75,41,1
-MeTTeMJBNc__0,8.25,44,1
-MeTTeMJBNc__0,8.75,47,1
-MeTTeMJBNc__0,9.25,49,1
-MeTTeMJBNc__13,0.25,2,1
-MeTTeMJBNc__13,0.75,6,1
-MeTTeMJBNc__13,1.25,11,1
-MeTTeMJBNc__13,1.75,16,1
-MeTTeMJBNc__13,2.25,20,1
-MeTTeMJBNc__13,2.75,25,1
-MeTTeMJBNc__13,3.25,29,1
-MeTTeMJBNc__13,3.75,34,1
-MeTTeMJBNc__13,4.25,39,1
-MeTTeMJBNc__13,4.75,43,1
-MeTTeMJBNc__13,5.25,48,1
-MeTTeMJBNc__7,0.25,1,1
-MeTTeMJBNc__7,0.75,3,1
-MeTTeMJBNc__7,1.25,5,1
-MeTTeMJBNc__7,1.75,8,1
-MeTTeMJBNc__7,2.25,10,1
-MeTTeMJBNc__7,2.75,13,1
-MeTTeMJBNc__7,3.25,15,1
-MeTTeMJBNc__7,3.75,17,1
-MeTTeMJBNc__7,4.25,20,1
-MeTTeMJBNc__7,4.75,22,1
-MeTTeMJBNc__7,5.25,24,1
-MeTTeMJBNc__7,5.75,27,1
-MeTTeMJBNc__7,6.25,29,1
-MeTTeMJBNc__7,6.75,32,1
-MeTTeMJBNc__7,7.25,34,1
-MeTTeMJBNc__7,7.75,36,1
-MeTTeMJBNc__7,8.25,39,1
-MeTTeMJBNc__7,8.75,41,1
-MeTTeMJBNc__7,9.25,43,1
-MeTTeMJBNc__7,9.75,46,1
-MeTTeMJBNc__7,10.25,48,1
-RfYyzHpjk4__11,0.25,2,1
-RfYyzHpjk4__11,0.75,7,1
-RfYyzHpjk4__11,1.25,11,1
-RfYyzHpjk4__11,1.75,16,1
-RfYyzHpjk4__11,2.25,21,1
-RfYyzHpjk4__11,2.75,26,1
-RfYyzHpjk4__11,3.25,31,1
-RfYyzHpjk4__11,3.75,35,1
-RfYyzHpjk4__11,4.25,40,1
-RfYyzHpjk4__11,4.75,45,1
-RfYyzHpjk4__8,0.25,2,1
-RfYyzHpjk4__8,0.75,8,1
-RfYyzHpjk4__8,1.25,13,1
-RfYyzHpjk4__8,1.75,19,1
-RfYyzHpjk4__8,2.25,24,1
-RfYyzHpjk4__8,2.75,29,1
-RfYyzHpjk4__8,3.25,35,1
-RfYyzHpjk4__8,3.75,40,1
-RfYyzHpjk4__8,4.25,46,1
-RfYyzHpjk4__2,0.25,2,1
-RfYyzHpjk4__2,0.75,6,1
-RfYyzHpjk4__2,1.25,11,1
-RfYyzHpjk4__2,1.75,15,1
-RfYyzHpjk4__2,2.25,20,1
-RfYyzHpjk4__2,2.75,24,1
-RfYyzHpjk4__2,3.25,29,1
-RfYyzHpjk4__2,3.75,33,1
-RfYyzHpjk4__2,4.25,38,0
-RfYyzHpjk4__2,4.75,43,1
-RfYyzHpjk4__2,5.25,47,1
-UUCSKoHeMA__0,0.25,1,1
-UUCSKoHeMA__0,0.75,4,1
-UUCSKoHeMA__0,1.25,8,1
-UUCSKoHeMA__0,1.75,11,1
-UUCSKoHeMA__0,2.25,14,1
-UUCSKoHeMA__0,2.75,17,1
-UUCSKoHeMA__0,3.25,20,1
-UUCSKoHeMA__0,3.75,24,1
-UUCSKoHeMA__0,4.25,27,1
-UUCSKoHeMA__0,4.75,30,1
-UUCSKoHeMA__0,5.25,33,1
-UUCSKoHeMA__0,5.75,36,1
-UUCSKoHeMA__0,6.25,40,1
-UUCSKoHeMA__0,6.75,43,1
-UUCSKoHeMA__0,7.25,46,1
-UUCSKoHeMA__0,7.75,49,1
-ri04Z7vwnc__0,0.25,4,0
-ri04Z7vwnc__0,0.75,13,0
-ri04Z7vwnc__0,1.25,22,0
-ri04Z7vwnc__0,1.75,31,0
-ri04Z7vwnc__0,2.25,40,0
-ri04Z7vwnc__0,2.75,48,0
-ri04Z7vwnc__2,0.25,2,0
-ri04Z7vwnc__2,0.75,6,0
-ri04Z7vwnc__2,1.25,10,0
-ri04Z7vwnc__2,1.75,14,0
-ri04Z7vwnc__2,2.25,18,0
-ri04Z7vwnc__2,2.75,22,0
-ri04Z7vwnc__2,3.25,26,0
-ri04Z7vwnc__2,3.75,31,0
-ri04Z7vwnc__2,4.25,35,1
-ri04Z7vwnc__2,4.75,39,1
-ri04Z7vwnc__2,5.25,43,1
-ri04Z7vwnc__2,5.75,47,1
-ri04Z7vwnc__5,0.25,3,1
-ri04Z7vwnc__5,0.75,10,1
-ri04Z7vwnc__5,1.25,17,1
-ri04Z7vwnc__5,1.75,24,1
-ri04Z7vwnc__5,2.25,31,1
-ri04Z7vwnc__5,2.75,38,1
-ri04Z7vwnc__5,3.25,45,1
-s9qJ7ATP7w__1,0.25,2,1
-s9qJ7ATP7w__1,0.75,7,1
-s9qJ7ATP7w__1,1.25,13,1
-s9qJ7ATP7w__1,1.75,18,1
-s9qJ7ATP7w__1,2.25,23,1
-s9qJ7ATP7w__1,2.75,28,1
-s9qJ7ATP7w__1,3.25,33,1
-s9qJ7ATP7w__1,3.75,39,1
-s9qJ7ATP7w__1,4.25,44,1
-s9qJ7ATP7w__1,4.75,49,1
-s9qJ7ATP7w__0,0.25,1,1
-s9qJ7ATP7w__0,0.75,5,1
-s9qJ7ATP7w__0,1.25,9,1
-s9qJ7ATP7w__0,1.75,12,1
-s9qJ7ATP7w__0,2.25,16,1
-s9qJ7ATP7w__0,2.75,20,1
-s9qJ7ATP7w__0,3.25,23,1
-s9qJ7ATP7w__0,3.75,27,1
-s9qJ7ATP7w__0,4.25,31,1
-s9qJ7ATP7w__0,4.75,34,1
-s9qJ7ATP7w__0,5.25,38,1
-s9qJ7ATP7w__0,5.75,42,1
-s9qJ7ATP7w__0,6.25,45,1
-s9qJ7ATP7w__0,6.75,49,1
-s9qJ7ATP7w__5,0.25,1,1
-s9qJ7ATP7w__5,0.75,4,1
-s9qJ7ATP7w__5,1.25,7,1
-s9qJ7ATP7w__5,1.75,10,1
-s9qJ7ATP7w__5,2.25,13,1
-s9qJ7ATP7w__5,2.75,16,1
-s9qJ7ATP7w__5,3.25,18,1
-s9qJ7ATP7w__5,3.75,21,1
-s9qJ7ATP7w__5,4.25,24,1
-s9qJ7ATP7w__5,4.75,27,1
-s9qJ7ATP7w__5,5.25,30,1
-s9qJ7ATP7w__5,5.75,33,1
-s9qJ7ATP7w__5,6.25,36,1
-s9qJ7ATP7w__5,6.75,39,1
-s9qJ7ATP7w__5,7.25,42,1
-s9qJ7ATP7w__5,7.75,45,1
-s9qJ7ATP7w__5,8.25,48,1
-s9qJ7ATP7w__4,0.25,2,1
-s9qJ7ATP7w__4,0.75,8,0
-s9qJ7ATP7w__4,1.25,14,0
-s9qJ7ATP7w__4,1.75,19,0
-s9qJ7ATP7w__4,2.25,25,1
-s9qJ7ATP7w__4,2.75,31,1
-s9qJ7ATP7w__4,3.25,36,1
-s9qJ7ATP7w__4,3.75,42,1
-s9qJ7ATP7w__4,4.25,47,1
-s9qJ7ATP7w__7,0.25,1,0
-s9qJ7ATP7w__7,0.75,5,0
-s9qJ7ATP7w__7,1.25,8,0
-s9qJ7ATP7w__7,1.75,12,0
-s9qJ7ATP7w__7,2.25,16,0
-s9qJ7ATP7w__7,2.75,19,0
-s9qJ7ATP7w__7,3.25,23,1
-s9qJ7ATP7w__7,3.75,26,1
-s9qJ7ATP7w__7,4.25,30,1
-s9qJ7ATP7w__7,4.75,34,1
-s9qJ7ATP7w__7,5.25,37,1
-s9qJ7ATP7w__7,5.75,41,1
-s9qJ7ATP7w__7,6.25,44,1
-s9qJ7ATP7w__7,6.75,48,1
-s9qJ7ATP7w__6,0.25,5,1
-s9qJ7ATP7w__6,0.75,15,1
-s9qJ7ATP7w__6,1.25,25,1
-s9qJ7ATP7w__6,1.75,35,1
-s9qJ7ATP7w__6,2.25,45,0
-s9qJ7ATP7w__8,0.25,3,1
-s9qJ7ATP7w__8,0.75,11,1
-s9qJ7ATP7w__8,1.25,18,1
-s9qJ7ATP7w__8,1.75,26,1
-s9qJ7ATP7w__8,2.25,34,1
-s9qJ7ATP7w__8,2.75,41,1
-s9qJ7ATP7w__8,3.25,49,1
-yRb-Jum7EQ__1,0.25,0,0
-yRb-Jum7EQ__1,0.75,1,0
-yRb-Jum7EQ__1,1.25,2,0
-yRb-Jum7EQ__1,1.75,2,1
-yRb-Jum7EQ__1,2.25,3,1
-yRb-Jum7EQ__1,2.75,4,1
-yRb-Jum7EQ__1,3.25,5,0
-yRb-Jum7EQ__1,3.75,6,1
-yRb-Jum7EQ__1,4.25,7,1
-yRb-Jum7EQ__1,4.75,8,1
-yRb-Jum7EQ__1,5.25,8,1
-yRb-Jum7EQ__1,5.75,9,1
-yRb-Jum7EQ__1,6.25,10,1
-yRb-Jum7EQ__1,6.75,11,1
-yRb-Jum7EQ__1,7.25,12,1
-yRb-Jum7EQ__1,7.75,13,1
-yRb-Jum7EQ__1,8.25,14,1
-yRb-Jum7EQ__1,8.75,14,1
-yRb-Jum7EQ__1,9.25,15,1
-yRb-Jum7EQ__1,9.75,16,1
-yRb-Jum7EQ__1,10.25,17,1
-yRb-Jum7EQ__1,10.75,18,1
-yRb-Jum7EQ__1,11.25,19,1
-yRb-Jum7EQ__1,11.75,20,1
-yRb-Jum7EQ__1,12.25,20,1
-yRb-Jum7EQ__1,12.75,21,1
-yRb-Jum7EQ__1,13.25,22,1
-yRb-Jum7EQ__1,13.75,23,1
-yRb-Jum7EQ__1,14.25,24,1
-yRb-Jum7EQ__1,14.75,25,1
-yRb-Jum7EQ__1,15.25,26,1
-yRb-Jum7EQ__1,15.75,26,1
-yRb-Jum7EQ__1,16.25,27,1
-yRb-Jum7EQ__1,16.75,28,1
-yRb-Jum7EQ__1,17.25,29,1
-yRb-Jum7EQ__1,17.75,30,1
-yRb-Jum7EQ__1,18.25,31,1
-yRb-Jum7EQ__1,18.75,32,1
-yRb-Jum7EQ__1,19.25,32,1
-yRb-Jum7EQ__1,19.75,33,1
-yRb-Jum7EQ__1,20.25,34,1
-yRb-Jum7EQ__1,20.75,35,1
-yRb-Jum7EQ__1,21.25,36,1
-yRb-Jum7EQ__1,21.75,37,1
-yRb-Jum7EQ__1,22.25,37,1
-yRb-Jum7EQ__1,22.75,38,1
-yRb-Jum7EQ__1,23.25,39,1
-yRb-Jum7EQ__1,23.75,40,1
-yRb-Jum7EQ__1,24.25,41,1
-yRb-Jum7EQ__1,24.75,42,1
-yRb-Jum7EQ__1,25.25,43,1
-yRb-Jum7EQ__1,25.75,43,1
-yRb-Jum7EQ__1,26.25,44,1
-yRb-Jum7EQ__1,26.75,45,1
-yRb-Jum7EQ__1,27.25,46,1
-yRb-Jum7EQ__1,27.75,47,1
-yRb-Jum7EQ__1,28.25,48,1
-yRb-Jum7EQ__1,28.75,49,1
-yRb-Jum7EQ__1,29.25,49,1
-yRb-Jum7EQ__5,0.25,0,1
-yRb-Jum7EQ__5,0.75,2,1
-yRb-Jum7EQ__5,1.25,4,1
-yRb-Jum7EQ__5,1.75,6,1
-yRb-Jum7EQ__5,2.25,8,1
-yRb-Jum7EQ__5,2.75,10,1
-yRb-Jum7EQ__5,3.25,12,1
-yRb-Jum7EQ__5,3.75,14,1
-yRb-Jum7EQ__5,4.25,16,1
-yRb-Jum7EQ__5,4.75,18,1
-yRb-Jum7EQ__5,5.25,19,1
-yRb-Jum7EQ__5,5.75,21,1
-yRb-Jum7EQ__5,6.25,23,1
-yRb-Jum7EQ__5,6.75,25,1
-yRb-Jum7EQ__5,7.25,27,1
-yRb-Jum7EQ__5,7.75,29,1
-yRb-Jum7EQ__5,8.25,31,1
-yRb-Jum7EQ__5,8.75,33,1
-yRb-Jum7EQ__5,9.25,35,1
-yRb-Jum7EQ__5,9.75,37,1
-yRb-Jum7EQ__5,10.25,38,1
-yRb-Jum7EQ__5,10.75,40,1
-yRb-Jum7EQ__5,11.25,42,1
-yRb-Jum7EQ__5,11.75,44,1
-yRb-Jum7EQ__5,12.25,46,1
-yRb-Jum7EQ__5,12.75,48,1
-yRb-Jum7EQ__6,0.25,1,1
-yRb-Jum7EQ__6,0.75,3,1
-yRb-Jum7EQ__6,1.25,5,1
-yRb-Jum7EQ__6,1.75,7,1
-yRb-Jum7EQ__6,2.25,10,1
-yRb-Jum7EQ__6,2.75,12,1
-yRb-Jum7EQ__6,3.25,14,1
-yRb-Jum7EQ__6,3.75,16,1
-yRb-Jum7EQ__6,4.25,18,1
-yRb-Jum7EQ__6,4.75,21,1
-yRb-Jum7EQ__6,5.25,23,1
-yRb-Jum7EQ__6,5.75,25,1
-yRb-Jum7EQ__6,6.25,27,1
-yRb-Jum7EQ__6,6.75,30,1
-yRb-Jum7EQ__6,7.25,32,1
-yRb-Jum7EQ__6,7.75,34,1
-yRb-Jum7EQ__6,8.25,36,1
-yRb-Jum7EQ__6,8.75,38,1
-yRb-Jum7EQ__6,9.25,41,1
-yRb-Jum7EQ__6,9.75,43,1
-yRb-Jum7EQ__6,10.25,45,1
-yRb-Jum7EQ__6,10.75,47,1
